"Authors","Author full names","Author(s) ID","Title","Year","Source title","Volume","Issue","Art. No.","Page start","Page end","Page count","Cited by","DOI","Link","Document Type","Publication Stage","Open Access","Source","EID"
"Mislove M.","Mislove, Michael (6602108527)","6602108527","Detecting local finite breadth in continuous lattices and semilattices","1986","Lecture Notes in Computer Science (including subseries Lecture Notes in Artificial Intelligence and Lecture Notes in Bioinformatics)","239 LNCS","","","205","214","9","2","10.1007/3-540-16816-8_34","https://www.scopus.com/inward/record.uri?eid=2-s2.0-84894610340&doi=10.1007%2f3-540-16816-8_34&partnerID=40&md5=a9a66095f6e6155bc3b2ffd6a6e8702c","Conference paper","Final","","Scopus","2-s2.0-84894610340"
"Curien P.-L.","Curien, Pierre-Louis (6603933708)","6603933708","On the symmetry of sequentiality","1994","Lecture Notes in Computer Science (including subseries Lecture Notes in Artificial Intelligence and Lecture Notes in Bioinformatics)","802 LNCS","","","29","71","42","22","10.1007/3-540-58027-1_2","https://www.scopus.com/inward/record.uri?eid=2-s2.0-85028885441&doi=10.1007%2f3-540-58027-1_2&partnerID=40&md5=ee01f683aca90d32875c55fbce76f807","Conference paper","Final","","Scopus","2-s2.0-85028885441"
"Koslowski J.","Koslowski, Jürgen (6602851794)","6602851794","Continuous categories","1986","Lecture Notes in Computer Science (including subseries Lecture Notes in Artificial Intelligence and Lecture Notes in Bioinformatics)","239 LNCS","","","149","161","12","3","10.1007/3-540-16816-8_30","https://www.scopus.com/inward/record.uri?eid=2-s2.0-79953224865&doi=10.1007%2f3-540-16816-8_30&partnerID=40&md5=30ed3e6fe46becc4e7401cb3315ab7d8","Conference paper","Final","","Scopus","2-s2.0-79953224865"
"Wand M.","Wand, Mitchell (7102773356)","7102773356","Correctness of procedure representations in higher-order assembly language","1992","Lecture Notes in Computer Science (including subseries Lecture Notes in Artificial Intelligence and Lecture Notes in Bioinformatics)","598 LNCS","","","294","311","17","24","10.1007/3-540-55511-0_15","https://www.scopus.com/inward/record.uri?eid=2-s2.0-84972066063&doi=10.1007%2f3-540-55511-0_15&partnerID=40&md5=ff6892ec91905cf84afc212e23aa6da2","Conference paper","Final","","Scopus","2-s2.0-84972066063"
"Malmkjaer K.","Malmkjaer, Karoline (6507192086)","6507192086","On some semantic issues in the reflective tower","1990","Lecture Notes in Computer Science (including subseries Lecture Notes in Artificial Intelligence and Lecture Notes in Bioinformatics)","442 LNCS","","","229","246","17","2","10.1007/BFb0040260","https://www.scopus.com/inward/record.uri?eid=2-s2.0-84959054554&doi=10.1007%2fBFb0040260&partnerID=40&md5=73780cb67cf7bfc19d002b55164015dd","Conference paper","Final","","Scopus","2-s2.0-84959054554"
"Schneider S.","Schneider, Steve (9535657800)","9535657800","Timewise refinement for communicating processes","1994","Lecture Notes in Computer Science (including subseries Lecture Notes in Artificial Intelligence and Lecture Notes in Bioinformatics)","802 LNCS","","","177","214","37","1","10.1007/3-540-58027-1_9","https://www.scopus.com/inward/record.uri?eid=2-s2.0-79960881867&doi=10.1007%2f3-540-58027-1_9&partnerID=40&md5=06989c177c9d179b0930ea68047d31f4","Conference paper","Final","","Scopus","2-s2.0-79960881867"
"Bargenda H.; Herrlich H.; Strecker G.E.","Bargenda, H. (57025256100); Herrlich, H. (6602809602); Strecker, G.E. (16415871000)","57025256100; 6602809602; 16415871000","Concrete categories and injectivity","1986","Lecture Notes in Computer Science (including subseries Lecture Notes in Artificial Intelligence and Lecture Notes in Bioinformatics)","239 LNCS","","","42","52","10","0","10.1007/3-540-16816-8_24","https://www.scopus.com/inward/record.uri?eid=2-s2.0-85035121098&doi=10.1007%2f3-540-16816-8_24&partnerID=40&md5=e7fa5c4467c7a3a8ef8efd5ec8b8af08","Conference paper","Final","","Scopus","2-s2.0-85035121098"
"Adámek J.; Herrlich H.","Adámek, Jiří (7005692578); Herrlich, Horst (6602809602)","7005692578; 6602809602","Cartesian closed categories, quasitopoi and topological universes","1986","Lecture Notes in Computer Science (including subseries Lecture Notes in Artificial Intelligence and Lecture Notes in Bioinformatics)","239 LNCS","","","20","41","21","2","10.1007/3-540-16816-8_23","https://www.scopus.com/inward/record.uri?eid=2-s2.0-84952196553&doi=10.1007%2f3-540-16816-8_23&partnerID=40&md5=78fb82704e2a7d74d73a96a0f65fcf51","Conference paper","Final","","Scopus","2-s2.0-84952196553"
"Pfenning F.; Paulin-Mohring C.","Pfenning, Frank (7004024513); Paulin-Mohring, Christine (8977358700)","7004024513; 8977358700","Inductively defined types in the calculus of constructions","1990","Lecture Notes in Computer Science (including subseries Lecture Notes in Artificial Intelligence and Lecture Notes in Bioinformatics)","442 LNCS","","","209","228","19","68","10.1007/BFb0040259","https://www.scopus.com/inward/record.uri?eid=2-s2.0-84975730624&doi=10.1007%2fBFb0040259&partnerID=40&md5=0be66b47cc8189ee554d3521c2403a97","Conference paper","Final","","Scopus","2-s2.0-84975730624"
"Herrlich H.; Hušek M.","Herrlich, Horst (6602809602); Hušek, Miroslav (6507229756)","6602809602; 6507229756","Galois connections","1986","Lecture Notes in Computer Science (including subseries Lecture Notes in Artificial Intelligence and Lecture Notes in Bioinformatics)","239 LNCS","","","122","134","12","13","10.1007/3-540-16816-8_28","https://www.scopus.com/inward/record.uri?eid=2-s2.0-85029873666&doi=10.1007%2f3-540-16816-8_28&partnerID=40&md5=36ca13f01b1c640c163893237433ea08","Conference paper","Final","","Scopus","2-s2.0-85029873666"
"Cardelli L.; Mitchell J.C.","Cardelli, Luca (7004219785); Mitchell, John C. (7406514710)","7004219785; 7406514710","Operations on records","1990","Lecture Notes in Computer Science (including subseries Lecture Notes in Artificial Intelligence and Lecture Notes in Bioinformatics)","442 LNCS","","","22","52","30","30","10.1007/BFb0040253","https://www.scopus.com/inward/record.uri?eid=2-s2.0-84972258287&doi=10.1007%2fBFb0040253&partnerID=40&md5=c731908a74219ab2c4c9d36a3eba85a5","Conference paper","Final","","Scopus","2-s2.0-84972258287"
"Nelson N.","Nelson, Neal (57195803961)","57195803961","Primitive recursive functional with dependent types","1992","Lecture Notes in Computer Science (including subseries Lecture Notes in Artificial Intelligence and Lecture Notes in Bioinformatics)","598 LNCS","","","125","143","18","4","10.1007/3-540-55511-0_6","https://www.scopus.com/inward/record.uri?eid=2-s2.0-84868110115&doi=10.1007%2f3-540-55511-0_6&partnerID=40&md5=f1a7ea3088bfe37cc8f4c3b3141253c1","Conference paper","Final","","Scopus","2-s2.0-84868110115"
"Smith S.F.","Smith, Scott F. (56907862400)","56907862400","From operational to denotational semantics","1992","Lecture Notes in Computer Science (including subseries Lecture Notes in Artificial Intelligence and Lecture Notes in Bioinformatics)","598 LNCS","","","54","76","22","7","10.1007/3-540-55511-0_3","https://www.scopus.com/inward/record.uri?eid=2-s2.0-0348104948&doi=10.1007%2f3-540-55511-0_3&partnerID=40&md5=8c1be1219169b0a1cd189125fd5fb1e3","Conference paper","Final","","Scopus","2-s2.0-0348104948"
"Venugopalan P.","Venugopalan, P. (24789618800)","24789618800","Union complete countable subset systems","1986","Lecture Notes in Computer Science (including subseries Lecture Notes in Artificial Intelligence and Lecture Notes in Bioinformatics)","239 LNCS","","","342","356","14","0","10.1007/3-540-16816-8_41","https://www.scopus.com/inward/record.uri?eid=2-s2.0-85035080109&doi=10.1007%2f3-540-16816-8_41&partnerID=40&md5=ceddb43b334a791b1251428d94c59e4d","Conference paper","Final","","Scopus","2-s2.0-85035080109"
"Panangaden P.; Russell J.R.","Panangaden, Prakash (57202968435); Russell, James R. (57199399417)","57202968435; 57199399417","A category-theoretic semantics for unbounded indeterminacy","1990","Lecture Notes in Computer Science (including subseries Lecture Notes in Artificial Intelligence and Lecture Notes in Bioinformatics)","442 LNCS","","","319","332","13","2","10.1007/BFb0040265","https://www.scopus.com/inward/record.uri?eid=2-s2.0-38849167960&doi=10.1007%2fBFb0040265&partnerID=40&md5=5e712f86785651644b091f8a89b6b5d7","Conference paper","Final","","Scopus","2-s2.0-38849167960"
"Gray J.W.","Gray, John W. (24301952800)","24301952800","Simultaneous substitution in the typed lambda calculus","1992","Lecture Notes in Computer Science (including subseries Lecture Notes in Artificial Intelligence and Lecture Notes in Bioinformatics)","598 LNCS","","","207","220","13","0","10.1007/3-540-55511-0_10","https://www.scopus.com/inward/record.uri?eid=2-s2.0-85029882534&doi=10.1007%2f3-540-55511-0_10&partnerID=40&md5=45cba96e6ab8ad82fa350b3f0a4f2ac1","Conference paper","Final","","Scopus","2-s2.0-85029882534"
"Zamfir M.; Martin D.","Zamfir, Maria (57197796530); Martin, David (7406284773)","57197796530; 7406284773","On the syntax and semantics of concurrent computing","1986","Lecture Notes in Computer Science (including subseries Lecture Notes in Artificial Intelligence and Lecture Notes in Bioinformatics)","239 LNCS","","","357","394","37","0","10.1007/3-540-16816-8_42","https://www.scopus.com/inward/record.uri?eid=2-s2.0-85035115768&doi=10.1007%2f3-540-16816-8_42&partnerID=40&md5=c4504ac5e3a3e06f823a05d86b9bf002","Conference paper","Final","","Scopus","2-s2.0-85035115768"
"van Breugel F.","van Breugel, Franck (57204678124)","57204678124","Three metric domains of processes for bisimulation","1994","Lecture Notes in Computer Science (including subseries Lecture Notes in Artificial Intelligence and Lecture Notes in Bioinformatics)","802 LNCS","","","103","121","18","1","10.1007/3-540-58027-1_5","https://www.scopus.com/inward/record.uri?eid=2-s2.0-84916587844&doi=10.1007%2f3-540-58027-1_5&partnerID=40&md5=a68b158b75bf03d3608f724414a18b19","Conference paper","Final","","Scopus","2-s2.0-84916587844"
"Gateley J.; Duba B.F.","Gateley, John (6505913842); Duba, Bruce F. (6507737146)","6505913842; 6507737146","Call-by-value combinatory logic and the lambda-value calculus","1992","Lecture Notes in Computer Science (including subseries Lecture Notes in Artificial Intelligence and Lecture Notes in Bioinformatics)","598 LNCS","","","41","53","12","1","10.1007/3-540-55511-0_2","https://www.scopus.com/inward/record.uri?eid=2-s2.0-84879910801&doi=10.1007%2f3-540-55511-0_2&partnerID=40&md5=cd66d1b12e6126020e2c68d5f8afe659","Conference paper","Final","","Scopus","2-s2.0-84879910801"
"Blute R.F.; Panangaden P.; Seely R.A.G.","Blute, R.F. (7004576666); Panangaden, Prakash (57202968435); Seely, R.A.G. (7004589638)","7004576666; 57202968435; 7004589638","Holomorphic models of exponential types in linear logic","1994","Lecture Notes in Computer Science (including subseries Lecture Notes in Artificial Intelligence and Lecture Notes in Bioinformatics)","802 LNCS","","","474","512","38","11","10.1007/3-540-58027-1_23","https://www.scopus.com/inward/record.uri?eid=2-s2.0-84995478737&doi=10.1007%2f3-540-58027-1_23&partnerID=40&md5=7d64412ef18d49fd32d4d1e27efa45c8","Conference paper","Final","","Scopus","2-s2.0-84995478737"
"Melton A.; Schröder B.S.W.; Strecker G.E.","Melton, Austin (7004152586); Schröder, Bernd S. W. (57197586439); Strecker, George E. (16415871000)","7004152586; 57197586439; 16415871000","Connections","1992","Lecture Notes in Computer Science (including subseries Lecture Notes in Artificial Intelligence and Lecture Notes in Bioinformatics)","598 LNCS","","","492","506","14","2","10.1007/3-540-55511-0_26","https://www.scopus.com/inward/record.uri?eid=2-s2.0-85029841303&doi=10.1007%2f3-540-55511-0_26&partnerID=40&md5=1e31bc9b1e402d5ffde4b9ecc066bf9b","Conference paper","Final","","Scopus","2-s2.0-85029841303"
"Mulry P.S.","Mulry, Philip S. (6506004907)","6506004907","Lifting theorems for Kleisli categories","1994","Lecture Notes in Computer Science (including subseries Lecture Notes in Artificial Intelligence and Lecture Notes in Bioinformatics)","802 LNCS","","","304","319","15","41","10.1007/3-540-58027-1_15","https://www.scopus.com/inward/record.uri?eid=2-s2.0-0000291180&doi=10.1007%2f3-540-58027-1_15&partnerID=40&md5=824d2a4078c1d10caee72ebfc39cecc4","Conference paper","Final","","Scopus","2-s2.0-0000291180"
"Kamimura T.; Tang A.","Kamimura, Tsutomu (7102695031); Tang, Adrian (7201845940)","7102695031; 7201845940","Retracts of SFP objects","1986","Lecture Notes in Computer Science (including subseries Lecture Notes in Artificial Intelligence and Lecture Notes in Bioinformatics)","239 LNCS","","","135","148","13","7","10.1007/3-540-16816-8_29","https://www.scopus.com/inward/record.uri?eid=2-s2.0-85034850372&doi=10.1007%2f3-540-16816-8_29&partnerID=40&md5=8f3823faf9fdf99e9113d20eab3d6dd3","Conference paper","Final","","Scopus","2-s2.0-85034850372"
"Barrett G.","Barrett, Geoff (59804797200)","59804797200","The semantics of priority and fairness in occam","1990","Lecture Notes in Computer Science (including subseries Lecture Notes in Artificial Intelligence and Lecture Notes in Bioinformatics)","442 LNCS","","","194","208","14","6","10.1007/BFb0040258","https://www.scopus.com/inward/record.uri?eid=2-s2.0-78049442137&doi=10.1007%2fBFb0040258&partnerID=40&md5=a916d35427805260367f024f14895b30","Conference paper","Final","","Scopus","2-s2.0-78049442137"
"Calbrix H.; Nivat M.; Podelski A.","Calbrix, Hugues (6508049536); Nivat, Maurice (7003318420); Podelski, Andreas (7003653406)","6508049536; 7003318420; 7003653406","Ultimately periodic words of rational ω-languages","1994","Lecture Notes in Computer Science (including subseries Lecture Notes in Artificial Intelligence and Lecture Notes in Bioinformatics)","802 LNCS","","","554","566","12","52","10.1007/3-540-58027-1_27","https://www.scopus.com/inward/record.uri?eid=2-s2.0-33847313967&doi=10.1007%2f3-540-58027-1_27&partnerID=40&md5=1b9fd3a46588e1827f7140815f79a53a","Conference paper","Final","","Scopus","2-s2.0-33847313967"
"Klarlund N.","Klarlund, Nils (56012434500)","56012434500","Liminf progress measures","1992","Lecture Notes in Computer Science (including subseries Lecture Notes in Artificial Intelligence and Lecture Notes in Bioinformatics)","598 LNCS","","","477","491","14","3","10.1007/3-540-55511-0_25","https://www.scopus.com/inward/record.uri?eid=2-s2.0-85029839938&doi=10.1007%2f3-540-55511-0_25&partnerID=40&md5=dd272abcc1f0b330fcfb9ab59fa979ac","Conference paper","Final","","Scopus","2-s2.0-85029839938"
"Jifeng H.; Hoare C.A.R.","Jifeng, He (6603057316); Hoare, C.A.R. (7004618288)","6603057316; 7004618288","Categorical semantics for programming languages","1990","Lecture Notes in Computer Science (including subseries Lecture Notes in Artificial Intelligence and Lecture Notes in Bioinformatics)","442 LNCS","","","402","417","15","4","10.1007/BFb0040271","https://www.scopus.com/inward/record.uri?eid=2-s2.0-84976627201&doi=10.1007%2fBFb0040271&partnerID=40&md5=e7a92d8350b01abe7c8eec2fa24fbdbb","Conference paper","Final","","Scopus","2-s2.0-84976627201"
"Bucciarelli A.","Bucciarelli, Antonio (55999919600)","55999919600","Another approach to sequentiality: Kleene’s unimonotone functions","1994","Lecture Notes in Computer Science (including subseries Lecture Notes in Artificial Intelligence and Lecture Notes in Bioinformatics)","802 LNCS","","","333","358","25","3","10.1007/3-540-58027-1_17","https://www.scopus.com/inward/record.uri?eid=2-s2.0-84856013610&doi=10.1007%2f3-540-58027-1_17&partnerID=40&md5=3d10f5f281650b1d1d9d2f69832256fd","Conference paper","Final","","Scopus","2-s2.0-84856013610"
"Bloom S.L.; Ésik Z.","Bloom, Stephen L. (7402230725); Ésik, Zoltán (7004096121)","7402230725; 7004096121","Some quasi-varieties of iteration theories","1994","Lecture Notes in Computer Science (including subseries Lecture Notes in Artificial Intelligence and Lecture Notes in Bioinformatics)","802 LNCS","","","378","409","31","6","10.1007/3-540-58027-1_19","https://www.scopus.com/inward/record.uri?eid=2-s2.0-0347241718&doi=10.1007%2f3-540-58027-1_19&partnerID=40&md5=8eac22613d54930cb1504f93a93cf906","Conference paper","Final","","Scopus","2-s2.0-0347241718"
"Brookes S.; Main M.; Melton A.; Mislove M.; Schmidt D.","Brookes, Stephen (59791043100); Main, Michael (7005454617); Melton, Austin (7004152586); Mislove, Michael (6602108527); Schmidt, David (57214431336)","59791043100; 7005454617; 7004152586; 6602108527; 57214431336","Preface","1992","Lecture Notes in Computer Science (including subseries Lecture Notes in Artificial Intelligence and Lecture Notes in Bioinformatics)","598 LNCS","","","VI","","","0","","https://www.scopus.com/inward/record.uri?eid=2-s2.0-85029851187&partnerID=40&md5=b32bbe37619ac60afad2f06e71107a85","Editorial","Final","","Scopus","2-s2.0-85029851187"
"Thomas T.A.; Stanat D.F.","Thomas, Teresa A. (57197830965); Stanat, Donald F. (6507385116)","57197830965; 6507385116","An FP domain with infinite objects","1986","Lecture Notes in Computer Science (including subseries Lecture Notes in Artificial Intelligence and Lecture Notes in Bioinformatics)","239 LNCS","","","324","341","17","0","10.1007/3-540-16816-8_40","https://www.scopus.com/inward/record.uri?eid=2-s2.0-85035127855&doi=10.1007%2f3-540-16816-8_40&partnerID=40&md5=15495524b60ebcc19ad50809ad39569e","Conference paper","Final","","Scopus","2-s2.0-85035127855"
"Pinna G.M.","Pinna, G. Michele (57198881668)","57198881668","On the specification of elementary reactive behaviour","1994","Lecture Notes in Computer Science (including subseries Lecture Notes in Artificial Intelligence and Lecture Notes in Bioinformatics)","802 LNCS","","","271","292","21","1","10.1007/3-540-58027-1_13","https://www.scopus.com/inward/record.uri?eid=2-s2.0-84956863507&doi=10.1007%2f3-540-58027-1_13&partnerID=40&md5=13e6f23d133971929725fb66009be4f7","Conference paper","Final","","Scopus","2-s2.0-84956863507"
"Rutten J.","Rutten, Jan (7003625474)","7003625474","A structural co-induction theorem","1994","Lecture Notes in Computer Science (including subseries Lecture Notes in Artificial Intelligence and Lecture Notes in Bioinformatics)","802 LNCS","","","83","102","19","3","10.1007/3-540-58027-1_4","https://www.scopus.com/inward/record.uri?eid=2-s2.0-85028844042&doi=10.1007%2f3-540-58027-1_4&partnerID=40&md5=4e3028f4ae0e6c1fd9c747aab740a4a5","Conference paper","Final","","Scopus","2-s2.0-85028844042"
"Manes E.G.","Manes, Ernest G. (56178230500)","56178230500","Additive domains","1986","Lecture Notes in Computer Science (including subseries Lecture Notes in Artificial Intelligence and Lecture Notes in Bioinformatics)","239 LNCS","","","184","195","11","7","10.1007/3-540-16816-8_32","https://www.scopus.com/inward/record.uri?eid=2-s2.0-85034653766&doi=10.1007%2f3-540-16816-8_32&partnerID=40&md5=fb89a64fd445aaf5f42d76e3fc70a7de","Conference paper","Final","","Scopus","2-s2.0-85034653766"
"Power A.J.","Power, A.J. (7006649121)","7006649121","An algebraic formulation for data refinement","1990","Lecture Notes in Computer Science (including subseries Lecture Notes in Artificial Intelligence and Lecture Notes in Bioinformatics)","442 LNCS","","","390","401","11","11","10.1007/BFb0040270","https://www.scopus.com/inward/record.uri?eid=2-s2.0-84976604492&doi=10.1007%2fBFb0040270&partnerID=40&md5=41d69e195a422ddb763fbf7073ae9486","Conference paper","Final","","Scopus","2-s2.0-84976604492"
"Ma Q.; Reynolds J.C.","Ma, QingMing (59803169200); Reynolds, John C. (55465975600)","59803169200; 55465975600","Types, abstraction, and parametric polymorphism, part 2","1992","Lecture Notes in Computer Science (including subseries Lecture Notes in Artificial Intelligence and Lecture Notes in Bioinformatics)","598 LNCS","","","1","40","39","65","10.1007/3-540-55511-0_1","https://www.scopus.com/inward/record.uri?eid=2-s2.0-19144367740&doi=10.1007%2f3-540-55511-0_1&partnerID=40&md5=951d4fafaa0f12321a3b27553886add1","Conference paper","Final","","Scopus","2-s2.0-19144367740"
"Pasztor A.","Pasztor, Ana (24370474300)","24370474300","Does “N+1 times” prove more programs correct than “N times”?","1990","Lecture Notes in Computer Science (including subseries Lecture Notes in Artificial Intelligence and Lecture Notes in Bioinformatics)","442 LNCS","","","373","389","16","0","10.1007/BFb0040269","https://www.scopus.com/inward/record.uri?eid=2-s2.0-85032182565&doi=10.1007%2fBFb0040269&partnerID=40&md5=dccf0d4f460b03674a339744ecf3b57c","Conference paper","Final","","Scopus","2-s2.0-85032182565"
"Kasangian S.; Labella A.","Kasangian, S. (12040384600); Labella, A. (6701636912)","12040384600; 6701636912","On continuous time agents","1992","Lecture Notes in Computer Science (including subseries Lecture Notes in Artificial Intelligence and Lecture Notes in Bioinformatics)","598 LNCS","","","403","425","22","2","10.1007/3-540-55511-0_20","https://www.scopus.com/inward/record.uri?eid=2-s2.0-79952447518&doi=10.1007%2f3-540-55511-0_20&partnerID=40&md5=07df9e42e672a01cbe74aad025a5fb71","Conference paper","Final","","Scopus","2-s2.0-79952447518"
"Zhang G.-Q.","Zhang, Guo-Qiang (57193869403)","57193869403","A monoidal closed category of event structures","1992","Lecture Notes in Computer Science (including subseries Lecture Notes in Artificial Intelligence and Lecture Notes in Bioinformatics)","598 LNCS","","","426","435","9","2","10.1007/3-540-55511-0_21","https://www.scopus.com/inward/record.uri?eid=2-s2.0-0348164311&doi=10.1007%2f3-540-55511-0_21&partnerID=40&md5=5363bb6a60cd54ccb67bb15aa1647d96","Conference paper","Final","","Scopus","2-s2.0-0348164311"
"Main M.G.","Main, Michael G. (7005454617)","7005454617","Free constructions of powerdomains","1986","Lecture Notes in Computer Science (including subseries Lecture Notes in Artificial Intelligence and Lecture Notes in Bioinformatics)","239 LNCS","","","162","183","21","11","10.1007/3-540-16816-8_31","https://www.scopus.com/inward/record.uri?eid=2-s2.0-85034861277&doi=10.1007%2f3-540-16816-8_31&partnerID=40&md5=f59d05a54d8ba6d9a29a4eb6c9193070","Conference paper","Final","","Scopus","2-s2.0-85034861277"
"","","","5th International Conference on the Mathematical Foundations of Programming Semantics, 1989","1990","Lecture Notes in Computer Science (including subseries Lecture Notes in Artificial Intelligence and Lecture Notes in Bioinformatics)","442 LNCS","","","1","439","438","0","","https://www.scopus.com/inward/record.uri?eid=2-s2.0-85032226008&partnerID=40&md5=b5afb64ed6856b4af998baaf243be71e","Conference review","Final","","Scopus","2-s2.0-85032226008"
"Sangiorgi D.","Sangiorgi, Davide (56238903200)","56238903200","An investigation into functions as processes","1994","Lecture Notes in Computer Science (including subseries Lecture Notes in Artificial Intelligence and Lecture Notes in Bioinformatics)","802 LNCS","","","143","159","16","16","10.1007/3-540-58027-1_7","https://www.scopus.com/inward/record.uri?eid=2-s2.0-0042117465&doi=10.1007%2f3-540-58027-1_7&partnerID=40&md5=319a8fdc1fd3619b1f9e7c6b6a4fb232","Conference paper","Final","","Scopus","2-s2.0-0042117465"
"Huth M.","Huth, Michael (57213938411)","57213938411","Linear domains and linear maps","1994","Lecture Notes in Computer Science (including subseries Lecture Notes in Artificial Intelligence and Lecture Notes in Bioinformatics)","802 LNCS","","","438","453","15","14","10.1007/3-540-58027-1_21","https://www.scopus.com/inward/record.uri?eid=2-s2.0-21344488121&doi=10.1007%2f3-540-58027-1_21&partnerID=40&md5=abbf03f1e02a1290d3b94ee7f3299b7d","Conference paper","Final","","Scopus","2-s2.0-21344488121"
"Rishe N.","Rishe, Naphtali (7003524019)","7003524019","On denotational semantics of data bases","1986","Lecture Notes in Computer Science (including subseries Lecture Notes in Artificial Intelligence and Lecture Notes in Bioinformatics)","239 LNCS","","","249","274","25","4","10.1007/3-540-16816-8_36","https://www.scopus.com/inward/record.uri?eid=2-s2.0-85035142309&doi=10.1007%2f3-540-16816-8_36&partnerID=40&md5=4bd756c05707305990fba21ac2b14586","Conference paper","Final","","Scopus","2-s2.0-85035142309"
"Brookes S.D.","Brookes, Stephen D. (7101703851)","7101703851","A fully abstract semantics and a proof system for an algol-like language with sharing","1986","Lecture Notes in Computer Science (including subseries Lecture Notes in Artificial Intelligence and Lecture Notes in Bioinformatics)","239 LNCS","","","59","100","41","6","10.1007/3-540-16816-8_26","https://www.scopus.com/inward/record.uri?eid=2-s2.0-33746041780&doi=10.1007%2f3-540-16816-8_26&partnerID=40&md5=b6546b0bc393601db03c2ef694109467","Conference paper","Final","","Scopus","2-s2.0-33746041780"
"Bloom B.; Kwiatkowska M.","Bloom, Bard (7201645246); Kwiatkowska, Marta (26643165900)","7201645246; 26643165900","Trade-offs in true concurrency: Pomsets and mazurkiewicz traces","1992","Lecture Notes in Computer Science (including subseries Lecture Notes in Artificial Intelligence and Lecture Notes in Bioinformatics)","598 LNCS","","","350","375","25","3","10.1007/3-540-55511-0_18","https://www.scopus.com/inward/record.uri?eid=2-s2.0-84958748772&doi=10.1007%2f3-540-55511-0_18&partnerID=40&md5=40d0b04342552de294a3d566138efdf4","Conference paper","Final","","Scopus","2-s2.0-84958748772"
"Pasztor A.","Pasztor, Ana (24370474300)","24370474300","On the variety concept for ω-continuous algebras. Application of a general approach","1986","Lecture Notes in Computer Science (including subseries Lecture Notes in Artificial Intelligence and Lecture Notes in Bioinformatics)","239 LNCS","","","215","248","33","0","10.1007/3-540-16816-8_35","https://www.scopus.com/inward/record.uri?eid=2-s2.0-85035110221&doi=10.1007%2f3-540-16816-8_35&partnerID=40&md5=f692199ce0239bd2e29d6b81c0e4e2fc","Conference paper","Final","","Scopus","2-s2.0-85035110221"
"Brookes S.; Geva S.","Brookes, Stephen (7101703851); Geva, Shai (6603946879)","7101703851; 6603946879","Sequential functions on indexed domains and full abstraction for a sub-language of PCF","1994","Lecture Notes in Computer Science (including subseries Lecture Notes in Artificial Intelligence and Lecture Notes in Bioinformatics)","802 LNCS","","","320","332","12","1","10.1007/3-540-58027-1_16","https://www.scopus.com/inward/record.uri?eid=2-s2.0-85027603001&doi=10.1007%2f3-540-58027-1_16&partnerID=40&md5=105a2fa39edcd30a6820db642594290b","Conference paper","Final","","Scopus","2-s2.0-85027603001"
"","","","9th International Conference on the Mathematical Foundations of Programming Semantics, 1993","1994","Lecture Notes in Computer Science (including subseries Lecture Notes in Artificial Intelligence and Lecture Notes in Bioinformatics)","802 LNCS","","","1","648","647","0","","https://www.scopus.com/inward/record.uri?eid=2-s2.0-85028834378&partnerID=40&md5=7bb5f5c5f24a97bc49b460a6ca2e0822","Conference review","Final","","Scopus","2-s2.0-85028834378"
"Shultis J.","Shultis, Jon (55637707000)","55637707000","What is a model? A consumer's perspective on semantic theory","1986","Lecture Notes in Computer Science (including subseries Lecture Notes in Artificial Intelligence and Lecture Notes in Bioinformatics)","239 LNCS","","","296","307","11","0","10.1007/3-540-16816-8_38","https://www.scopus.com/inward/record.uri?eid=2-s2.0-85035089507&doi=10.1007%2f3-540-16816-8_38&partnerID=40&md5=45879fbdd656d3f364eae73eb4bb7e85","Conference paper","Final","","Scopus","2-s2.0-85035089507"
"Flagg R.C.; Kopperman R.D.","Flagg, R.C. (8386315900); Kopperman, R.D. (6602173856)","8386315900; 6602173856","The asymmetric topology of computer science","1994","Lecture Notes in Computer Science (including subseries Lecture Notes in Artificial Intelligence and Lecture Notes in Bioinformatics)","802 LNCS","","","544","553","9","7","10.1007/3-540-58027-1_26","https://www.scopus.com/inward/record.uri?eid=2-s2.0-0041893724&doi=10.1007%2f3-540-58027-1_26&partnerID=40&md5=979c3e45eccdd53b93d872e4339af691","Conference paper","Final","","Scopus","2-s2.0-0041893724"
"Reed G.M.","Reed, G.M. (24353376500)","24353376500","A hierarchy of domains for real-time distributed computing","1990","Lecture Notes in Computer Science (including subseries Lecture Notes in Artificial Intelligence and Lecture Notes in Bioinformatics)","442 LNCS","","","80","128","48","8","10.1007/BFb0040255","https://www.scopus.com/inward/record.uri?eid=2-s2.0-85032215868&doi=10.1007%2fBFb0040255&partnerID=40&md5=0e1dfe0a646e4a3f1b1ac46e5d9f9878","Conference paper","Final","","Scopus","2-s2.0-85032215868"
"Barwise J.","Barwise, Jon (6603280771)","6603280771","Information links in domain theory","1992","Lecture Notes in Computer Science (including subseries Lecture Notes in Artificial Intelligence and Lecture Notes in Bioinformatics)","598 LNCS","","","167","192","25","3","10.1007/3-540-55511-0_8","https://www.scopus.com/inward/record.uri?eid=2-s2.0-0346613363&doi=10.1007%2f3-540-55511-0_8&partnerID=40&md5=3027c5cd62d503ad1e2567569d531017","Conference paper","Final","","Scopus","2-s2.0-0346613363"
"Abdali S.K.; Wise D.S.","Abdali, S. Kamal (6701716397); Wise, David S. (7202543594)","6701716397; 7202543594","Standard, storeless semantics for ALGOL-style block structure and call-by-name","1986","Lecture Notes in Computer Science (including subseries Lecture Notes in Artificial Intelligence and Lecture Notes in Bioinformatics)","239 LNCS","","","1","19","18","3","10.1007/3-540-16816-8_22","https://www.scopus.com/inward/record.uri?eid=2-s2.0-85029591038&doi=10.1007%2f3-540-16816-8_22&partnerID=40&md5=d11fc2ebfcdf6512a62df9aca8676130","Conference paper","Final","","Scopus","2-s2.0-85029591038"
"Leavens G.T.; Pigozzi D.","Leavens, Gary T. (6701465113); Pigozzi, Don (6601984663)","6701465113; 6601984663","Typed homomorphic relations extended with subtypes","1992","Lecture Notes in Computer Science (including subseries Lecture Notes in Artificial Intelligence and Lecture Notes in Bioinformatics)","598 LNCS","","","144","167","23","7","10.1007/3-540-55511-0_7","https://www.scopus.com/inward/record.uri?eid=2-s2.0-84957071908&doi=10.1007%2f3-540-55511-0_7&partnerID=40&md5=97ef58b6ac932334e13793b1016b9b26","Conference paper","Final","","Scopus","2-s2.0-84957071908"
"Melton A.","Melton, Austin (7004152586)","7004152586","Foreword","1986","Lecture Notes in Computer Science (including subseries Lecture Notes in Artificial Intelligence and Lecture Notes in Bioinformatics)","239 LNCS","","","","","","0","","https://www.scopus.com/inward/record.uri?eid=2-s2.0-85035148499&partnerID=40&md5=165c2838a1db58cd9fce763fdada186b","Editorial","Final","","Scopus","2-s2.0-85035148499"
"Rosolini G.","Rosolini, G. (55944592600)","55944592600","An exper model for Quest","1992","Lecture Notes in Computer Science (including subseries Lecture Notes in Artificial Intelligence and Lecture Notes in Bioinformatics)","598 LNCS","","","436","445","9","3","10.1007/3-540-55511-0_22","https://www.scopus.com/inward/record.uri?eid=2-s2.0-19044383285&doi=10.1007%2f3-540-55511-0_22&partnerID=40&md5=9301d05be7ed1edf005f9749c00e9ae8","Conference paper","Final","","Scopus","2-s2.0-19044383285"
"Heckmann R.","Heckmann, Reinhold (56265963100)","56265963100","An upper power domain construction in terms of strongly compact sets","1992","Lecture Notes in Computer Science (including subseries Lecture Notes in Artificial Intelligence and Lecture Notes in Bioinformatics)","598 LNCS","","","272","293","21","48","10.1007/3-540-55511-0_14","https://www.scopus.com/inward/record.uri?eid=2-s2.0-33746459760&doi=10.1007%2f3-540-55511-0_14&partnerID=40&md5=8c0bd7f2f91185f4d8d127efe49cddc4","Conference paper","Final","","Scopus","2-s2.0-33746459760"
"Aczel P.","Aczel, Peter (6506639435)","6506639435","Final universes of processes","1994","Lecture Notes in Computer Science (including subseries Lecture Notes in Artificial Intelligence and Lecture Notes in Bioinformatics)","802 LNCS","","","2","28","26","14","10.1007/3-540-58027-1_1","https://www.scopus.com/inward/record.uri?eid=2-s2.0-85028827913&doi=10.1007%2f3-540-58027-1_1&partnerID=40&md5=077d8d5c47899b175d7ba4dac217ce6b","Conference paper","Final","","Scopus","2-s2.0-85028827913"
"Melton A.C.; Schmidt D.A.","Melton, Austin C. (7004152586); Schmidt, David A. (57214431336)","7004152586; 57214431336","A topological framework for cpos lacking bottom elements","1986","Lecture Notes in Computer Science (including subseries Lecture Notes in Artificial Intelligence and Lecture Notes in Bioinformatics)","239 LNCS","","","196","204","8","1","10.1007/3-540-16816-8_33","https://www.scopus.com/inward/record.uri?eid=2-s2.0-85034732854&doi=10.1007%2f3-540-16816-8_33&partnerID=40&md5=ec30527ac7b6dd82e5d1b64f45c59013","Conference paper","Final","","Scopus","2-s2.0-85034732854"
"Moss L.S.; Thatte S.R.","Moss, Lawrence S. (7006654182); Thatte, Satish R. (7004858436)","7006654182; 7004858436","Generalization of final algebra semantics by relativization","1990","Lecture Notes in Computer Science (including subseries Lecture Notes in Artificial Intelligence and Lecture Notes in Bioinformatics)","442 LNCS","","","284","300","16","2","10.1007/BFb0040263","https://www.scopus.com/inward/record.uri?eid=2-s2.0-85028800438&doi=10.1007%2fBFb0040263&partnerID=40&md5=0d9368fd959cbc5fb87924dc4906c627","Conference paper","Final","","Scopus","2-s2.0-85028800438"
"Gray J.W.","Gray, John W. (24301952800)","24301952800","Initial algebra semantics for lambda calculi","1990","Lecture Notes in Computer Science (including subseries Lecture Notes in Artificial Intelligence and Lecture Notes in Bioinformatics)","442 LNCS","","","418","439","21","0","10.1007/BFb0040272","https://www.scopus.com/inward/record.uri?eid=2-s2.0-85032230059&doi=10.1007%2fBFb0040272&partnerID=40&md5=39d77addf1872d8084754a710dfc2e20","Conference paper","Final","","Scopus","2-s2.0-85032230059"
"Wadler P.","Wadler, Philip (7004077144)","7004077144","A syntax for linear logic","1994","Lecture Notes in Computer Science (including subseries Lecture Notes in Artificial Intelligence and Lecture Notes in Bioinformatics)","802 LNCS","","","513","529","16","28","10.1007/3-540-58027-1_24","https://www.scopus.com/inward/record.uri?eid=2-s2.0-0346465518&doi=10.1007%2f3-540-58027-1_24&partnerID=40&md5=f2f4669846e02858a62c7f60949bfd2d","Conference paper","Final","","Scopus","2-s2.0-0346465518"
"Barr M.","Barr, Michael (57203086192)","57203086192","HSP type theorems in the category of posets","1992","Lecture Notes in Computer Science (including subseries Lecture Notes in Artificial Intelligence and Lecture Notes in Bioinformatics)","598 LNCS","","","221","234","13","1","10.1007/3-540-55511-0_11","https://www.scopus.com/inward/record.uri?eid=2-s2.0-84936725966&doi=10.1007%2f3-540-55511-0_11&partnerID=40&md5=11bcf8cce0f2ce7962b5bbdf249fb1c0","Conference paper","Final","","Scopus","2-s2.0-84936725966"
"Jagadeesan R.","Jagadeesan, Radhakrishnan (57204885887)","57204885887","L-domains and lossless powerdomains","1990","Lecture Notes in Computer Science (including subseries Lecture Notes in Artificial Intelligence and Lecture Notes in Bioinformatics)","442 LNCS","","","364","372","8","2","10.1007/BFb0040268","https://www.scopus.com/inward/record.uri?eid=2-s2.0-84913059649&doi=10.1007%2fBFb0040268&partnerID=40&md5=d352d6fa1d26c98be9baae50107e8bd9","Conference paper","Final","","Scopus","2-s2.0-84913059649"
"","","","International Conference on Mathematical Foundations of Programming Semantics, 1985","1986","Lecture Notes in Computer Science (including subseries Lecture Notes in Artificial Intelligence and Lecture Notes in Bioinformatics)","239 LNCS","","","1","394","393","0","","https://www.scopus.com/inward/record.uri?eid=2-s2.0-85035121726&partnerID=40&md5=787b70a209a8561160665d873352e0cd","Conference review","Final","","Scopus","2-s2.0-85035121726"
"Main M.G.; Melton A.C.; Mislove M.W.; Schmidt D.A.","Main, Michael G. (7005454617); Melton, Austin C. (7004152586); Mislove, Michael W. (6602108527); Schmidt, David A. (57214431336)","7005454617; 7004152586; 6602108527; 57214431336","Preface","1990","Lecture Notes in Computer Science (including subseries Lecture Notes in Artificial Intelligence and Lecture Notes in Bioinformatics)","442 LNCS","","","III","IV","","0","","https://www.scopus.com/inward/record.uri?eid=2-s2.0-85032216703&partnerID=40&md5=11c6ff071697f691a9d5b61d8ec97969","Editorial","Final","","Scopus","2-s2.0-85032216703"
"Davies J.; Schneider S.","Davies, Jim (57677751100); Schneider, Steve (9535657800)","57677751100; 9535657800","Factorizing proofs in timed CSP","1990","Lecture Notes in Computer Science (including subseries Lecture Notes in Artificial Intelligence and Lecture Notes in Bioinformatics)","442 LNCS","","","129","159","30","5","10.1007/BFb0040256","https://www.scopus.com/inward/record.uri?eid=2-s2.0-85027601674&doi=10.1007%2fBFb0040256&partnerID=40&md5=bc197adb93bf93386fef51e868b49ff3","Conference paper","Final","","Scopus","2-s2.0-85027601674"
"Gunter C.A.","Gunter, Carl A. (26643555100)","26643555100","Comparing categories of domains","1986","Lecture Notes in Computer Science (including subseries Lecture Notes in Artificial Intelligence and Lecture Notes in Bioinformatics)","239 LNCS","","","101","121","20","5","10.1007/3-540-16816-8_27","https://www.scopus.com/inward/record.uri?eid=2-s2.0-18944386156&doi=10.1007%2f3-540-16816-8_27&partnerID=40&md5=703bb2058cbf243783358bb89937b0a2","Conference paper","Final","","Scopus","2-s2.0-18944386156"
"Scholefield D.; Zedan H.; Jifeng H.","Scholefield, David (9435333700); Zedan, Hussein (7003764345); Jifeng, He (6603057316)","9435333700; 7003764345; 6603057316","A predicative semantics for the refinement of real-time systems","1994","Lecture Notes in Computer Science (including subseries Lecture Notes in Artificial Intelligence and Lecture Notes in Bioinformatics)","802 LNCS","","","230","249","19","3","10.1007/3-540-58027-1_11","https://www.scopus.com/inward/record.uri?eid=2-s2.0-0344660177&doi=10.1007%2f3-540-58027-1_11&partnerID=40&md5=abb8dad279276e88d761c4c5484070f0","Conference paper","Final","","Scopus","2-s2.0-0344660177"
"Jung A.; Libkin L.; Puhlmann H.","Jung, Achim (57197725056); Libkin, Leonid (57203256125); Puhlmann, Hermann (57836930400)","57197725056; 57203256125; 57836930400","Decomposition of domains","1992","Lecture Notes in Computer Science (including subseries Lecture Notes in Artificial Intelligence and Lecture Notes in Bioinformatics)","598 LNCS","","","235","258","23","9","10.1007/3-540-55511-0_12","https://www.scopus.com/inward/record.uri?eid=2-s2.0-85010743281&doi=10.1007%2f3-540-55511-0_12&partnerID=40&md5=0b863651b069199a9802803fec3dadc7","Conference paper","Final","","Scopus","2-s2.0-85010743281"
"Bruce K.B.","Bruce, Kim B. (7006719898)","7006719898","The equivalence of two semantic definitions for inheritance in object-oriented languages","1992","Lecture Notes in Computer Science (including subseries Lecture Notes in Artificial Intelligence and Lecture Notes in Bioinformatics)","598 LNCS","","","102","124","22","9","10.1007/3-540-55511-0_5","https://www.scopus.com/inward/record.uri?eid=2-s2.0-85029892096&doi=10.1007%2f3-540-55511-0_5&partnerID=40&md5=21aec601d2da90abcc59f0eaeb8480b6","Conference paper","Final","","Scopus","2-s2.0-85029892096"
"Danvy O.; Hatcliff J.","Danvy, Olivier (7003651915); Hatcliff, John (57204342409)","7003651915; 57204342409","On the transformation between direct and continuation semantics","1994","Lecture Notes in Computer Science (including subseries Lecture Notes in Artificial Intelligence and Lecture Notes in Bioinformatics)","802 LNCS","","","627","648","21","13","10.1007/3-540-58027-1_31","https://www.scopus.com/inward/record.uri?eid=2-s2.0-1242331175&doi=10.1007%2f3-540-58027-1_31&partnerID=40&md5=102117f732e8a2b0bf234267c4502833","Conference paper","Final","","Scopus","2-s2.0-1242331175"
"Rabinovich A.","Rabinovich, Alexander (59829222800)","59829222800","A complete axiomatisation for trace congruence of finite state behaviors","1994","Lecture Notes in Computer Science (including subseries Lecture Notes in Artificial Intelligence and Lecture Notes in Bioinformatics)","802 LNCS","","","530","543","13","24","10.1007/3-540-58027-1_25","https://www.scopus.com/inward/record.uri?eid=2-s2.0-84950333552&doi=10.1007%2f3-540-58027-1_25&partnerID=40&md5=55c52774ac16e9cac3a9a05283aa128d","Conference paper","Final","","Scopus","2-s2.0-84950333552"
"Gunter E.L.","Gunter, Elsa L. (8694758800)","8694758800","Pseudo-retract functors for local lattices and bifinte L-domains","1990","Lecture Notes in Computer Science (including subseries Lecture Notes in Artificial Intelligence and Lecture Notes in Bioinformatics)","442 LNCS","","","351","363","12","3","10.1007/BFb0040267","https://www.scopus.com/inward/record.uri?eid=2-s2.0-84972154586&doi=10.1007%2fBFb0040267&partnerID=40&md5=86d68b28e4e973f093d06b402cb6ff1d","Conference paper","Final","","Scopus","2-s2.0-84972154586"
"Aceto L.","Aceto, Luca (57204250085)","57204250085","On relating concurrency and nondeterminism","1992","Lecture Notes in Computer Science (including subseries Lecture Notes in Artificial Intelligence and Lecture Notes in Bioinformatics)","598 LNCS","","","376","402","26","2","10.1007/3-540-55511-0_19","https://www.scopus.com/inward/record.uri?eid=2-s2.0-85029850295&doi=10.1007%2f3-540-55511-0_19&partnerID=40&md5=6fcd64b06844afdfe69ecaec210503b7","Conference paper","Final","","Scopus","2-s2.0-85029850295"
"Brookes S.; Geva S.","Brookes, Stephen (7101703851); Geva, Shai (6603946879)","7101703851; 6603946879","Continuous functions and parallel algorithms on concrete data structures","1992","Lecture Notes in Computer Science (including subseries Lecture Notes in Artificial Intelligence and Lecture Notes in Bioinformatics)","598 LNCS","","","326","349","23","1","10.1007/3-540-55511-0_17","https://www.scopus.com/inward/record.uri?eid=2-s2.0-0004456520&doi=10.1007%2f3-540-55511-0_17&partnerID=40&md5=2a438ab11ffb70784ea1e9e552b74cae","Conference paper","Final","","Scopus","2-s2.0-0004456520"
"Hyland J.M.E.; Robinson E.P.; Rosolini G.","Hyland, J.M.E. (7006527289); Robinson, E.P. (8532445300); Rosolini, G. (55944592600)","7006527289; 8532445300; 55944592600","Algebraic types in PER models","1990","Lecture Notes in Computer Science (including subseries Lecture Notes in Artificial Intelligence and Lecture Notes in Bioinformatics)","442 LNCS","","","333","350","17","16","10.1007/BFb0040266","https://www.scopus.com/inward/record.uri?eid=2-s2.0-0039055507&doi=10.1007%2fBFb0040266&partnerID=40&md5=296db03017b97fb0119125b68cb3a147","Conference paper","Final","","Scopus","2-s2.0-0039055507"
"Rutten J.J.M.M.","Rutten, J.J.M.M. (7003625474)","7003625474","Nonwellfounded sets and programming language semantics","1992","Lecture Notes in Computer Science (including subseries Lecture Notes in Artificial Intelligence and Lecture Notes in Bioinformatics)","598 LNCS","","","193","206","13","2","10.1007/3-540-55511-0_9","https://www.scopus.com/inward/record.uri?eid=2-s2.0-0346844259&doi=10.1007%2f3-540-55511-0_9&partnerID=40&md5=a2f273d2b7ba8303c69122f1bf9df843","Conference paper","Final","","Scopus","2-s2.0-0346844259"
"","","","7th International Conference on the Mathematical Foundations of Programming Semantics, 1991","1992","Lecture Notes in Computer Science (including subseries Lecture Notes in Artificial Intelligence and Lecture Notes in Bioinformatics)","598 LNCS","","","1","506","505","0","","https://www.scopus.com/inward/record.uri?eid=2-s2.0-85029832823&partnerID=40&md5=b0434e3cf33cd3eb4282e178466e5ffa","Conference review","Final","","Scopus","2-s2.0-85029832823"
"Abramsky S.","Abramsky, Samson (7004175312)","7004175312","A generalized kahn principle for abstract asynchronous networks","1990","Lecture Notes in Computer Science (including subseries Lecture Notes in Artificial Intelligence and Lecture Notes in Bioinformatics)","442 LNCS","","","1","21","20","14","10.1007/BFb0040252","https://www.scopus.com/inward/record.uri?eid=2-s2.0-84957810704&doi=10.1007%2fBFb0040252&partnerID=40&md5=76bc5b2e93a71fc22ef9b19a0366bfd3","Conference paper","Final","","Scopus","2-s2.0-84957810704"
"Roscoe A.W.; Barrett's G.","Roscoe, A.W. (7003672471); Barrett's, Geoff (57196191447)","7003672471; 57196191447","Unbounded nondeterminism in CSP","1990","Lecture Notes in Computer Science (including subseries Lecture Notes in Artificial Intelligence and Lecture Notes in Bioinformatics)","442 LNCS","","","160","193","33","6","10.1007/BFb0040257","https://www.scopus.com/inward/record.uri?eid=2-s2.0-84947929200&doi=10.1007%2fBFb0040257&partnerID=40&md5=6b26a5727ab6b1fc5d6a265334112b87","Conference paper","Final","","Scopus","2-s2.0-84947929200"
"Manes E.G.","Manes, Ernest G. (56178230500)","56178230500","Equations for if-then-else","1992","Lecture Notes in Computer Science (including subseries Lecture Notes in Artificial Intelligence and Lecture Notes in Bioinformatics)","598 LNCS","","","446","456","10","1","10.1007/3-540-55511-0_23","https://www.scopus.com/inward/record.uri?eid=2-s2.0-85029889903&doi=10.1007%2f3-540-55511-0_23&partnerID=40&md5=0d6f2e5b086ae2c6cd3b988fb134d87c","Conference paper","Final","","Scopus","2-s2.0-85029889903"
"Chen L.","Chen, Liang (57195572407)","57195572407","Axiomatising real-timed processes","1994","Lecture Notes in Computer Science (including subseries Lecture Notes in Artificial Intelligence and Lecture Notes in Bioinformatics)","802 LNCS","","","215","229","14","2","10.1007/3-540-58027-1_10","https://www.scopus.com/inward/record.uri?eid=2-s2.0-85028894826&doi=10.1007%2f3-540-58027-1_10&partnerID=40&md5=d9e2b6642809244509aec238c049ddf0","Conference paper","Final","","Scopus","2-s2.0-85028894826"
"Bruce K.B.; Crabtree J.; Kanapathy G.","Bruce, Kim B. (7006719898); Crabtree, Jonathan (57190041148); Kanapathy, Gerald (57195567142)","7006719898; 57190041148; 57195567142","An operational semantics for toople: Statically-typed object-oriented programming language","1994","Lecture Notes in Computer Science (including subseries Lecture Notes in Artificial Intelligence and Lecture Notes in Bioinformatics)","802 LNCS","","","603","626","23","5","10.1007/3-540-58027-1_30","https://www.scopus.com/inward/record.uri?eid=2-s2.0-21344494958&doi=10.1007%2f3-540-58027-1_30&partnerID=40&md5=2264d5ee6206183ac8667d0175005c46","Conference paper","Final","","Scopus","2-s2.0-21344494958"
"Benson D.B.; Tiuryn J.","Benson, David B. (35577636500); Tiuryn, Jerzy (6701548540)","35577636500; 6701548540","Fixed points in process algebras with internal actions: Preliminary note","1986","Lecture Notes in Computer Science (including subseries Lecture Notes in Artificial Intelligence and Lecture Notes in Bioinformatics)","239 LNCS","","","53","58","5","1","10.1007/3-540-16816-8_25","https://www.scopus.com/inward/record.uri?eid=2-s2.0-84910770373&doi=10.1007%2f3-540-16816-8_25&partnerID=40&md5=9c90abda6164e00638bc4d9fce718355","Conference paper","Final","","Scopus","2-s2.0-84910770373"
"Huth M.","Huth, Michael (57213938411)","57213938411","Cartesian closed categories of domains and the space proj(D)","1992","Lecture Notes in Computer Science (including subseries Lecture Notes in Artificial Intelligence and Lecture Notes in Bioinformatics)","598 LNCS","","","259","271","12","2","10.1007/3-540-55511-0_13","https://www.scopus.com/inward/record.uri?eid=2-s2.0-85028889917&doi=10.1007%2f3-540-55511-0_13&partnerID=40&md5=a8f93c47b2b5a2d49fbd69c735f928c0","Conference paper","Final","","Scopus","2-s2.0-85028889917"
"Heckmann R.","Heckmann, Reinhold (56265963100)","56265963100","Probabilistic power domains, information systems, and locales","1994","Lecture Notes in Computer Science (including subseries Lecture Notes in Artificial Intelligence and Lecture Notes in Bioinformatics)","802 LNCS","","","410","437","27","9","10.1007/3-540-58027-1_20","https://www.scopus.com/inward/record.uri?eid=2-s2.0-85015312263&doi=10.1007%2f3-540-58027-1_20&partnerID=40&md5=de1973ba6ecfbc2693cd90874d485b14","Conference paper","Final","","Scopus","2-s2.0-85015312263"
"Stark E.W.","Stark, Eugene W. (7102562161)","7102562161","Connections between a concrete and an abstract model of concurrent systems","1990","Lecture Notes in Computer Science (including subseries Lecture Notes in Artificial Intelligence and Lecture Notes in Bioinformatics)","442 LNCS","","","53","79","26","24","10.1007/BFb0040254","https://www.scopus.com/inward/record.uri?eid=2-s2.0-85032177857&doi=10.1007%2fBFb0040254&partnerID=40&md5=28a7e54221915ec5617aefb59c8f8409","Conference paper","Final","","Scopus","2-s2.0-85032177857"
"Stoughton A.","Stoughton, Allen (6602644684)","6602644684","Equationally fully abstract models of PCF","1990","Lecture Notes in Computer Science (including subseries Lecture Notes in Artificial Intelligence and Lecture Notes in Bioinformatics)","442 LNCS","","","271","283","12","4","10.1007/BFb0040262","https://www.scopus.com/inward/record.uri?eid=2-s2.0-84967593901&doi=10.1007%2fBFb0040262&partnerID=40&md5=9adc0a88d756cde91646f765fbf1a04c","Conference paper","Final","","Scopus","2-s2.0-84967593901"
"Pitts A.M.","Pitts, Andrew M. (7006732333)","7006732333","Computational adequacy via ‘mixed’ inductive definitions","1994","Lecture Notes in Computer Science (including subseries Lecture Notes in Artificial Intelligence and Lecture Notes in Bioinformatics)","802 LNCS","","","72","82","10","26","10.1007/3-540-58027-1_3","https://www.scopus.com/inward/record.uri?eid=2-s2.0-85028867228&doi=10.1007%2f3-540-58027-1_3&partnerID=40&md5=7581b8e979a04e788454607744b88c26","Conference paper","Final","","Scopus","2-s2.0-85028867228"
"Mercouroff N.","Mercouroff, N. (7801570891)","7801570891","An algorithm for analyzing communicating processes","1992","Lecture Notes in Computer Science (including subseries Lecture Notes in Artificial Intelligence and Lecture Notes in Bioinformatics)","598 LNCS","","","312","325","13","20","10.1007/3-540-55511-0_16","https://www.scopus.com/inward/record.uri?eid=2-s2.0-84904983485&doi=10.1007%2f3-540-55511-0_16&partnerID=40&md5=3c4fd0472d940589755307589a6d0764","Conference paper","Final","","Scopus","2-s2.0-84904983485"
"Rishe N.","Rishe, Naphtali (7003524019)","7003524019","Postconditional semantics of data base queries","1986","Lecture Notes in Computer Science (including subseries Lecture Notes in Artificial Intelligence and Lecture Notes in Bioinformatics)","239 LNCS","","","275","295","20","4","10.1007/3-540-16816-8_37","https://www.scopus.com/inward/record.uri?eid=2-s2.0-85035133005&doi=10.1007%2f3-540-16816-8_37&partnerID=40&md5=370a146dfbbd5c6f0699a4a4a4abe08f","Conference paper","Final","","Scopus","2-s2.0-85035133005"
"Main M.G.; Black D.L.","Main, Michael G. (7005454617); Black, David L. (57213386757)","7005454617; 57213386757","Semantic models for total correctness and fairness","1990","Lecture Notes in Computer Science (including subseries Lecture Notes in Artificial Intelligence and Lecture Notes in Bioinformatics)","442 LNCS","","","247","270","23","1","10.1007/BFb0040261","https://www.scopus.com/inward/record.uri?eid=2-s2.0-84916056671&doi=10.1007%2fBFb0040261&partnerID=40&md5=23682455587afb307d9227d4d2b7fe11","Conference paper","Final","","Scopus","2-s2.0-84916056671"
"Bloom S.L.; Ésik Z.","Bloom, Stephen L. (7402230725); Ésik, Zoltán (7004096121)","7402230725; 7004096121","Program correctness and matricial iteration theories","1992","Lecture Notes in Computer Science (including subseries Lecture Notes in Artificial Intelligence and Lecture Notes in Bioinformatics)","598 LNCS","","","457","476","19","5","10.1007/3-540-55511-0_24","https://www.scopus.com/inward/record.uri?eid=2-s2.0-0001278395&doi=10.1007%2f3-540-55511-0_24&partnerID=40&md5=38c430688781046630634af71264b444","Conference paper","Final","","Scopus","2-s2.0-0001278395"
"Aceto L.; Hennessy M.","Aceto, L. (57204250085); Hennessy, M. (7102268259)","57204250085; 7102268259","Termination, deadlock and divergence","1990","Lecture Notes in Computer Science (including subseries Lecture Notes in Artificial Intelligence and Lecture Notes in Bioinformatics)","442 LNCS","","","301","318","17","2","10.1007/BFb0040264","https://www.scopus.com/inward/record.uri?eid=2-s2.0-85032217462&doi=10.1007%2fBFb0040264&partnerID=40&md5=a3600cffb4f983a37152d3d71190f6ea","Conference paper","Final","","Scopus","2-s2.0-85032217462"
"Mislove M.W.; Oles F.J.","Mislove, Michael W. (6602108527); Oles, Frank J. (6602647388)","6602108527; 6602647388","A simple language supporting angelic nondeterminism and parallel composition","1992","Lecture Notes in Computer Science (including subseries Lecture Notes in Artificial Intelligence and Lecture Notes in Bioinformatics)","598 LNCS","","","77","101","24","6","10.1007/3-540-55511-0_4","https://www.scopus.com/inward/record.uri?eid=2-s2.0-0011237939&doi=10.1007%2f3-540-55511-0_4&partnerID=40&md5=72bc9f6a33742ba1a85a1a94cc417c0d","Conference paper","Final","","Scopus","2-s2.0-0011237939"
"Smith J.D.H.","Smith, Jonathan D. H. (57203533740)","57203533740","Modal theory, partial orders, and digital geometry","1986","Lecture Notes in Computer Science (including subseries Lecture Notes in Artificial Intelligence and Lecture Notes in Bioinformatics)","239 LNCS","","","308","323","15","0","10.1007/3-540-16816-8_39","https://www.scopus.com/inward/record.uri?eid=2-s2.0-85035132795&doi=10.1007%2f3-540-16816-8_39&partnerID=40&md5=8f60db69af5f225c34edf9afed015e72","Conference paper","Final","","Scopus","2-s2.0-85035132795"
"Jeffrey A.","Jeffrey, Alan (22334197300)","22334197300","A chemical abstract machine for graph reduction extended abstract","1994","Lecture Notes in Computer Science (including subseries Lecture Notes in Artificial Intelligence and Lecture Notes in Bioinformatics)","802 LNCS","","","293","303","10","2","10.1007/3-540-58027-1_14","https://www.scopus.com/inward/record.uri?eid=2-s2.0-85028888390&doi=10.1007%2f3-540-58027-1_14&partnerID=40&md5=ef449b612320c29bd5c2fff6270b9083","Conference paper","Final","","Scopus","2-s2.0-85028888390"
"de Bakker J.W.; van Breugel F.","de Bakker, J.W. (7005659214); van Breugel, F. (57204678124)","7005659214; 57204678124","Topological models for higher order control flow","1994","Lecture Notes in Computer Science (including subseries Lecture Notes in Artificial Intelligence and Lecture Notes in Bioinformatics)","802 LNCS","","","122","142","20","1","10.1007/3-540-58027-1_6","https://www.scopus.com/inward/record.uri?eid=2-s2.0-3142520041&doi=10.1007%2f3-540-58027-1_6&partnerID=40&md5=d4b9be07c5104474dc40fe3b4aac7b38","Conference paper","Final","","Scopus","2-s2.0-3142520041"
"Best E.; Linde-Göers H.-G.","Best, Eike (7102883882); Linde-Göers, Hans-Günther (56149119900)","7102883882; 56149119900","Compositional process semantics of Petri boxes","1994","Lecture Notes in Computer Science (including subseries Lecture Notes in Artificial Intelligence and Lecture Notes in Bioinformatics)","802 LNCS","","","250","270","20","0","10.1007/3-540-58027-1_12","https://www.scopus.com/inward/record.uri?eid=2-s2.0-85028886037&doi=10.1007%2f3-540-58027-1_12&partnerID=40&md5=1f894a73fa4aaac8c427c4f47a1f181c","Conference paper","Final","","Scopus","2-s2.0-85028886037"
"Kaarsgaard R.; Rennela M.","Kaarsgaard, Robin (57004941200); Rennela, Mathys (56399328300)","57004941200; 56399328300","Join Inverse Rig Categories for Reversible Functional Programming, and beyond","2021","Electronic Proceedings in Theoretical Computer Science, EPTCS","351","","","152","167","15","2","10.4204/EPTCS.351.10","https://www.scopus.com/inward/record.uri?eid=2-s2.0-85122292405&doi=10.4204%2fEPTCS.351.10&partnerID=40&md5=093306e46eb90968c20505c413a1f91a","Conference paper","Final","All Open Access; Gold Open Access","Scopus","2-s2.0-85122292405"
"Finster E.; Mimram S.; Lucas M.; Seiller T.","Finster, Eric (56323640100); Mimram, Samuel (23398129300); Lucas, Maxime (57191608586); Seiller, Thomas (55237656400)","56323640100; 23398129300; 57191608586; 55237656400","A Cartesian Bicategory of Polynomial Functors in Homotopy Type Theory","2021","Electronic Proceedings in Theoretical Computer Science, EPTCS","351","","","67","83","16","3","10.4204/EPTCS.351.5","https://www.scopus.com/inward/record.uri?eid=2-s2.0-85122300134&doi=10.4204%2fEPTCS.351.5&partnerID=40&md5=8c4ea1cc53d1cf3fd69fda40cf227acd","Conference paper","Final","All Open Access; Gold Open Access; Green Open Access","Scopus","2-s2.0-85122300134"
"Sokolova A.","Sokolova, Ana (22433894100)","22433894100","Preface","2021","Electronic Proceedings in Theoretical Computer Science, EPTCS","351","","","1","17","16","2","10.4204/eptcs.351.1","https://www.scopus.com/inward/record.uri?eid=2-s2.0-85122328326&doi=10.4204%2feptcs.351.1&partnerID=40&md5=6741c3bff09ec9dd31be89c0935979d8","Editorial","Final","All Open Access; Gold Open Access","Scopus","2-s2.0-85122328326"
"Stoughton A.","Stoughton, Allen (6602644684)","6602644684","Mechanizing logical relations","1994","Lecture Notes in Computer Science (including subseries Lecture Notes in Artificial Intelligence and Lecture Notes in Bioinformatics)","802 LNCS","","","359","377","18","10","10.1007/3-540-58027-1_18","https://www.scopus.com/inward/record.uri?eid=2-s2.0-85027614433&doi=10.1007%2f3-540-58027-1_18&partnerID=40&md5=64a20c0987eb849f2207d57b1a3fcc2a","Conference paper","Final","","Scopus","2-s2.0-85027614433"
"Jacobs B.","Jacobs, Bart (56253290100)","56253290100","Learning from What’s Right and Learning from What’s Wrong","2021","Electronic Proceedings in Theoretical Computer Science, EPTCS","351","","","116","133","17","2","10.4204/EPTCS.351.8","https://www.scopus.com/inward/record.uri?eid=2-s2.0-85122295871&doi=10.4204%2fEPTCS.351.8&partnerID=40&md5=48b28b4ff655e293223d4f5cf69f5ebf","Conference paper","Final","All Open Access; Gold Open Access; Green Open Access","Scopus","2-s2.0-85122295871"
"de’Liguoro U.; Treglia R.","de’Liguoro, Ugo (58120189400); Treglia, Riccardo (57212149590)","58120189400; 57212149590","From Semantics to Types: The Case of the Imperative λ -Calculus","2021","Electronic Proceedings in Theoretical Computer Science, EPTCS","351","","","168","183","15","1","10.4204/EPTCS.351.11","https://www.scopus.com/inward/record.uri?eid=2-s2.0-85122304420&doi=10.4204%2fEPTCS.351.11&partnerID=40&md5=105dffd0dda8efa30b23147d454c93b0","Conference paper","Final","All Open Access; Gold Open Access; Green Open Access","Scopus","2-s2.0-85122304420"
"Hu N.; Vicary J.","Hu, Nick (57272100200); Vicary, Jamie (25627040300)","57272100200; 25627040300","Traced monoidal categories as algebraic structures in Prof","2021","Electronic Proceedings in Theoretical Computer Science, EPTCS","351","","","84","97","13","2","10.4204/EPTCS.351.6","https://www.scopus.com/inward/record.uri?eid=2-s2.0-85122306345&doi=10.4204%2fEPTCS.351.6&partnerID=40&md5=b547746c52b83766728a87aa199e032e","Conference paper","Final","All Open Access; Gold Open Access; Green Open Access","Scopus","2-s2.0-85122306345"
"Fiech A.","Fiech, Adrian (6505975044)","6505975044","Category of ∆-functors","1994","Lecture Notes in Computer Science (including subseries Lecture Notes in Artificial Intelligence and Lecture Notes in Bioinformatics)","802 LNCS","","","567","586","19","0","10.1007/3-540-58027-1_28","https://www.scopus.com/inward/record.uri?eid=2-s2.0-85028821777&doi=10.1007%2f3-540-58027-1_28&partnerID=40&md5=4401413f6fe67a60f1767a1e87542793","Conference paper","Final","","Scopus","2-s2.0-85028821777"
"Mimram S.; Ulusoy A.-B.","Mimram, Samuel (23398129300); Ulusoy, Aly-Bora (57392532600)","23398129300; 57392532600","Syntactic Regions for Concurrent Programs","2021","Electronic Proceedings in Theoretical Computer Science, EPTCS","351","","","184","199","15","0","10.4204/EPTCS.351.12","https://www.scopus.com/inward/record.uri?eid=2-s2.0-85122322052&doi=10.4204%2fEPTCS.351.12&partnerID=40&md5=0cff596fb85771a6cb1d541eeb350a85","Conference paper","Final","All Open Access; Gold Open Access; Green Open Access","Scopus","2-s2.0-85122322052"
"Dash S.; Staton S.","Dash, Swaraj (57222056625); Staton, Sam (8225263500)","57222056625; 8225263500","Monads for Measurable Queries in Probabilistic Databases","2021","Electronic Proceedings in Theoretical Computer Science, EPTCS","351","","","34","50","16","2","10.4204/EPTCS.351.3","https://www.scopus.com/inward/record.uri?eid=2-s2.0-85122293277&doi=10.4204%2fEPTCS.351.3&partnerID=40&md5=016a30260ac8f475c9e1e2a0011586e8","Conference paper","Final","All Open Access; Gold Open Access; Green Open Access","Scopus","2-s2.0-85122293277"
"Schmid T.; Rot J.; Silva A.","Schmid, Todd (57212313500); Rot, Jurriaan (55305790900); Silva, Alexandra (59595277400)","57212313500; 55305790900; 59595277400","On Star Expressions and Coalgebraic Completeness Theorems","2021","Electronic Proceedings in Theoretical Computer Science, EPTCS","351","","","242","259","17","5","10.4204/EPTCS.351.15","https://www.scopus.com/inward/record.uri?eid=2-s2.0-85122293037&doi=10.4204%2fEPTCS.351.15&partnerID=40&md5=ed5bcdbc8ba06861ae2ed1fac03bda91","Conference paper","Final","All Open Access; Gold Open Access; Green Open Access","Scopus","2-s2.0-85122293037"
"Alves S.; Ramos M.","Alves, Sandra (55118461900); Ramos, Miguel (57220941962)","55118461900; 57220941962","An ML-style Record Calculus with Extensible Records","2021","Electronic Proceedings in Theoretical Computer Science, EPTCS","351","","","1","17","16","0","10.4204/EPTCS.351.1","https://www.scopus.com/inward/record.uri?eid=2-s2.0-85122321204&doi=10.4204%2fEPTCS.351.1&partnerID=40&md5=909721be21a4ea2032c3313c6f22a592","Conference paper","Final","All Open Access; Gold Open Access","Scopus","2-s2.0-85122321204"
"Larsen K.G.; Yi W.","Larsen, Kim G. (7202662806); Yi, Wang (56123437800)","7202662806; 56123437800","Time abstracted bisimulation: Implicit specifications and decidability","1994","Lecture Notes in Computer Science (including subseries Lecture Notes in Artificial Intelligence and Lecture Notes in Bioinformatics)","802 LNCS","","","160","176","16","22","10.1007/3-540-58027-1_8","https://www.scopus.com/inward/record.uri?eid=2-s2.0-85014321506&doi=10.1007%2f3-540-58027-1_8&partnerID=40&md5=cf69a0772696c851c6fbeaae42c2c23d","Conference paper","Final","","Scopus","2-s2.0-85014321506"
"Petrişan D.; Sarkis R.","Petrişan, Daniela (24338970500); Sarkis, Ralph (57221637013)","24338970500; 57221637013","Semialgebras and Weak Distributive Laws","2021","Electronic Proceedings in Theoretical Computer Science, EPTCS","351","","","218","241","23","2","10.4204/EPTCS.351.14","https://www.scopus.com/inward/record.uri?eid=2-s2.0-85122299291&doi=10.4204%2fEPTCS.351.14&partnerID=40&md5=cd9b516f9cac84455970fd1a3e49bca0","Conference paper","Final","All Open Access; Gold Open Access; Green Open Access","Scopus","2-s2.0-85122299291"
"Veltri N.; Voorneveld N.F.W.","Veltri, Niccolò (57023798900); Voorneveld, Niels F.W. (57196727884)","57023798900; 57196727884","Inductive and Coinductive Predicate Liftings for Effectful Programs","2021","Electronic Proceedings in Theoretical Computer Science, EPTCS","351","","","260","277","17","2","10.4204/EPTCS.351.16","https://www.scopus.com/inward/record.uri?eid=2-s2.0-85122280172&doi=10.4204%2fEPTCS.351.16&partnerID=40&md5=612bf4bbf5930267b8626873b724ffab","Conference paper","Final","All Open Access; Gold Open Access","Scopus","2-s2.0-85122280172"
"Fellin G.; Schuster P.","Fellin, Giulio (57368007300); Schuster, Peter (7101982482)","57368007300; 7101982482","A General Glivenko–Gödel Theorem for Nuclei","2021","Electronic Proceedings in Theoretical Computer Science, EPTCS","351","","","51","66","15","1","10.4204/EPTCS.351.4","https://www.scopus.com/inward/record.uri?eid=2-s2.0-85122289520&doi=10.4204%2fEPTCS.351.4&partnerID=40&md5=21b50c44a5be7106be5db6f082f38537","Conference paper","Final","All Open Access; Gold Open Access","Scopus","2-s2.0-85122289520"
"Zhang G.-Q.","Zhang, Guo-Qiang (7405271191)","7405271191","Universal quasi-prime algebraic domains","1994","Lecture Notes in Computer Science (including subseries Lecture Notes in Artificial Intelligence and Lecture Notes in Bioinformatics)","802 LNCS","","","454","473","19","2","10.1007/3-540-58027-1_22","https://www.scopus.com/inward/record.uri?eid=2-s2.0-85017246156&doi=10.1007%2f3-540-58027-1_22&partnerID=40&md5=b737581e91674d7d2c97f63b6d9cc834","Conference paper","Final","","Scopus","2-s2.0-85017246156"
"Banerjee A.; Schmidt D.A.","Banerjee, Anindya (8558971000); Schmidt, David A. (57214431336)","8558971000; 57214431336","A categorical interpretation of landin’s correspondence principle","1994","Lecture Notes in Computer Science (including subseries Lecture Notes in Artificial Intelligence and Lecture Notes in Bioinformatics)","802 LNCS","","","587","602","15","3","10.1007/3-540-58027-1_29","https://www.scopus.com/inward/record.uri?eid=2-s2.0-0347106635&doi=10.1007%2f3-540-58027-1_29&partnerID=40&md5=64b7c57660d34aa69b9b49c403a44edf","Conference paper","Final","","Scopus","2-s2.0-0347106635"
"","","","Proceedings - 37th Conference on Mathematical Foundations of Programming Semantics, MFPS 2021","2021","Electronic Proceedings in Theoretical Computer Science, EPTCS","351","","","","","316","0","","https://www.scopus.com/inward/record.uri?eid=2-s2.0-85122289489&partnerID=40&md5=69598c03068e81916059bba3971f4127","Conference review","Final","","Scopus","2-s2.0-85122289489"
"Watanabe K.; Eberhart C.; Asada K.; Hasuo I.","Watanabe, Kazuki (57224851128); Eberhart, Clovis (57119256400); Asada, Kazuyuki (55877190000); Hasuo, Ichiro (8837440500)","57224851128; 57119256400; 55877190000; 8837440500","A Compositional Approach to Parity Games","2021","Electronic Proceedings in Theoretical Computer Science, EPTCS","351","","","278","295","17","4","10.4204/EPTCS.351.17","https://www.scopus.com/inward/record.uri?eid=2-s2.0-85122304531&doi=10.4204%2fEPTCS.351.17&partnerID=40&md5=ab0fe8ccb4c5cef118e4b8445d504be9","Conference paper","Final","All Open Access; Gold Open Access","Scopus","2-s2.0-85122304531"
"Chardonnet K.; Lemonnier L.; Valiron B.","Chardonnet, Kostia (57218285069); Lemonnier, Louis (57219757097); Valiron, Benoît (8901187500)","57218285069; 57219757097; 8901187500","Categorical Semantics of Reversible Pattern-Matching","2021","Electronic Proceedings in Theoretical Computer Science, EPTCS","351","","","18","33","15","2","10.4204/EPTCS.351.2","https://www.scopus.com/inward/record.uri?eid=2-s2.0-85122289075&doi=10.4204%2fEPTCS.351.2&partnerID=40&md5=2d4aff0257724b08b23bbf56337dc681","Conference paper","Final","All Open Access; Gold Open Access","Scopus","2-s2.0-85122289075"
"Zetzsche S.; van Heerdt G.; Sammartino M.; Silva A.","Zetzsche, Stefan (57223730099); van Heerdt, Gerco (57195542360); Sammartino, Matteo (55770025200); Silva, Alexandra (59595277400)","57223730099; 57195542360; 55770025200; 59595277400","Canonical Automata via Distributive Law Homomorphisms","2021","Electronic Proceedings in Theoretical Computer Science, EPTCS","351","","","296","313","17","2","10.4204/EPTCS.351.18","https://www.scopus.com/inward/record.uri?eid=2-s2.0-85122307365&doi=10.4204%2fEPTCS.351.18&partnerID=40&md5=913c212f43977a0b443975f18e20962a","Conference paper","Final","All Open Access; Gold Open Access; Green Open Access","Scopus","2-s2.0-85122307365"
"Møgelberg R.E.; Vezzosi A.","Møgelberg, Rasmus Ejlers (13204453000); Vezzosi, Andrea (56412941200)","13204453000; 56412941200","Two Guarded Recursive Powerdomains for Applicative Simulation","2021","Electronic Proceedings in Theoretical Computer Science, EPTCS","351","","","200","217","17","7","10.4204/EPTCS.351.13","https://www.scopus.com/inward/record.uri?eid=2-s2.0-85122282218&doi=10.4204%2fEPTCS.351.13&partnerID=40&md5=2a5e1057d3f9a3f0603920b2437cca8a","Conference paper","Final","All Open Access; Gold Open Access","Scopus","2-s2.0-85122282218"
"de Jong T.","de Jong, Tom (57218919124)","57218919124","Sharp Elements and Apartness in Domains","2021","Electronic Proceedings in Theoretical Computer Science, EPTCS","351","","","134","151","17","3","10.4204/EPTCS.351.9","https://www.scopus.com/inward/record.uri?eid=2-s2.0-85122330755&doi=10.4204%2fEPTCS.351.9&partnerID=40&md5=7c18f326edd3ed4777bc8be57a036639","Conference paper","Final","All Open Access; Gold Open Access; Green Open Access","Scopus","2-s2.0-85122330755"
"Jacobs B.","Jacobs, Bart (56253290100)","56253290100","Multinomial and Hypergeometric Distributions in Markov Categories","2021","Electronic Proceedings in Theoretical Computer Science, EPTCS","351","","","98","115","17","6","10.4204/EPTCS.351.7","https://www.scopus.com/inward/record.uri?eid=2-s2.0-85122299105&doi=10.4204%2fEPTCS.351.7&partnerID=40&md5=82fca2a32ce7782593e488dcff8f9b38","Conference paper","Final","All Open Access; Gold Open Access; Green Open Access","Scopus","2-s2.0-85122299105"
